{"main":"american-flights-api.raml","name":"American Flights API","classifier":"raml","tags":[],"dependencies":[{"groupId":"68ef9520-24e9-4cf2-b2f5-620025690913","assetId":"training-american-flight-data-type","version":"1.0.1"},{"groupId":"68ef9520-24e9-4cf2-b2f5-620025690913","assetId":"training-american-flights-example","version":"1.0.1"}],"groupId":"c1749b14-190a-47d7-bc4f-526917b45aa2","assetId":"american-flights-api","version":"1.0.1","apiVersion":"v1","originalFormatVersion":"1.0","metadata":{"projectId":"6a384f88-4c89-4125-a420-cad5599d5f79","branchId":"master","commitId":"a90d32935dbf633343895901639160cea2ee987c"}}